{"chunk_definitions":[{"chunk_id":"c7twk54jztitf","chunk_label":"unnamed-chunk-1","document_id":"37CE823","expansion_state":0,"options":{"echo":true,"engine":"r","include":false,"label":"unnamed-chunk-1"},"row":10,"row_count":1,"visible":true},{"chunk_id":"ci6a8hdxdf7vk","chunk_label":"unnamed-chunk-2","document_id":"37CE823","expansion_state":0,"options":{"engine":"r","label":"unnamed-chunk-2"},"row":17,"row_count":1,"visible":true},{"chunk_id":"cdbuwpyx3xms8","chunk_label":"unnamed-chunk-3","document_id":"F571C0FD","expansion_state":0,"options":{"engine":"r","label":"unnamed-chunk-3"},"row":25,"row_count":1,"visible":true},{"chunk_id":"cmqqkigil9wy9","chunk_label":"unnamed-chunk-4","document_id":"C8623826","expansion_state":0,"options":{"engine":"r","label":"unnamed-chunk-7"},"row":51,"row_count":1,"visible":true},{"chunk_id":"c2dvixsecvksk","chunk_label":"unnamed-chunk-5","document_id":"1C4603C4","expansion_state":0,"options":{"engine":"r","label":"unnamed-chunk-1"},"row":59,"row_count":1,"visible":true}],"doc_write_time":1543860032}