{"chunk_definitions":[{"chunk_id":"c7i8ccj5kqn00","expansion_state":0,"options":[],"row":27,"row_count":1,"visible":true},{"chunk_id":"ca64ka53e5hbs","expansion_state":0,"options":[],"row":34,"row_count":1,"visible":true},{"chunk_id":"cc0eejdpmcwfq","expansion_state":0,"options":[],"row":44,"row_count":1,"visible":true},{"chunk_id":"cdkhpenhhatmm","expansion_state":0,"options":[],"row":54,"row_count":1,"visible":true},{"chunk_id":"cws0f5l8yym3q","expansion_state":0,"options":[],"row":59,"row_count":1,"visible":true}],"doc_write_time":1540250511.22362}
