﻿Country Name,Country Code,Indicator Name,Indicator Code,1960,1961,1962,1963,1964,1965,1966,1967,1968,1969,1970,1971,1972,1973,1974,1975,1976,1977,1978,1979,1980,1981,1982,1983,1984,1985,1986,1987,1988,1989,1990,1991,1992,1993,1994,1995,1996,1997,1998,1999,2000,2001,2002,2003,2004,2005,2006,2007,2008,2009,2010,2011,2012,2013,2014,2015,2016,2017
Aruba,ABW,"Maternal mortality ratio (modeled estimate, per 100,000 live births)",SH.STA.MMRT,,,,,,,,,,,,,,,,,,,,,,,,,,,,,,,,,,,,,,,,,,,,,,,,,,,,,,,,,,
Afghanistan,AFG,"Maternal mortality ratio (modeled estimate, per 100,000 live births)",SH.STA.MMRT,,,,,,,,,,,,,,,,,,,,,,,,,,,,,,,1340,1330,1330,1320,1300,1270,1240,1200,1160,1130,1100,1050,996,941,881,821,776,724,676,631,584,536,496,459,425,396,,
Angola,AGO,"Maternal mortality ratio (modeled estimate, per 100,000 live births)",SH.STA.MMRT,,,,,,,,,,,,,,,,,,,,,,,,,,,,,,,1160,1160,1180,1180,1180,1150,1120,1070,1030,981,924,878,831,789,749,705,668,640,606,581,561,546,526,509,493,477,,
Albania,ALB,"Maternal mortality ratio (modeled estimate, per 100,000 live births)",SH.STA.MMRT,,,,,,,,,,,,,,,,,,,,,,,,,,,,,,,71,69,65,63,49,53,50,51,46,42,43,40,37,35,31,30,29,30,30,30,30,30,30,29,29,29,,
Andorra,AND,"Maternal mortality ratio (modeled estimate, per 100,000 live births)",SH.STA.MMRT,,,,,,,,,,,,,,,,,,,,,,,,,,,,,,,,,,,,,,,,,,,,,,,,,,,,,,,,,,
Arab World,ARB,"Maternal mortality ratio (modeled estimate, per 100,000 live births)",SH.STA.MMRT,,,,,,,,,,,,,,,,,,,,,,,,,,,,,,,289,285,281,278,274,269,264,258,251,245,238,233,226,221,214,207,200,193,186,180,174,170,166,163,159,156,,
United Arab Emirates,ARE,"Maternal mortality ratio (modeled estimate, per 100,000 live births)",SH.STA.MMRT,,,,,,,,,,,,,,,,,,,,,,,,,,,,,,,17,16,15,14,13,12,11,10,9,9,8,8,7,7,6,6,6,6,6,6,6,6,6,6,6,6,,
Argentina,ARG,"Maternal mortality ratio (modeled estimate, per 100,000 live births)",SH.STA.MMRT,,,,,,,,,,,,,,,,,,,,,,,,,,,,,,,72,71,69,65,64,63,63,64,61,62,60,61,60,61,59,58,57,58,57,62,58,56,55,54,54,52,,
Armenia,ARM,"Maternal mortality ratio (modeled estimate, per 100,000 live births)",SH.STA.MMRT,,,,,,,,,,,,,,,,,,,,,,,,,,,,,,,58,48,55,57,50,50,51,46,46,40,40,39,45,43,41,40,40,35,39,36,33,31,30,28,26,25,,
American Samoa,ASM,"Maternal mortality ratio (modeled estimate, per 100,000 live births)",SH.STA.MMRT,,,,,,,,,,,,,,,,,,,,,,,,,,,,,,,,,,,,,,,,,,,,,,,,,,,,,,,,,,
Antigua and Barbuda,ATG,"Maternal mortality ratio (modeled estimate, per 100,000 live births)",SH.STA.MMRT,,,,,,,,,,,,,,,,,,,,,,,,,,,,,,,,,,,,,,,,,,,,,,,,,,,,,,,,,,
Australia,AUS,"Maternal mortality ratio (modeled estimate, per 100,000 live births)",SH.STA.MMRT,,,,,,,,,,,,,,,,,,,,,,,,,,,,,,,8,8,8,8,8,8,8,9,8,9,9,8,8,8,7,7,7,7,7,7,6,7,6,6,6,6,,
Austria,AUT,"Maternal mortality ratio (modeled estimate, per 100,000 live births)",SH.STA.MMRT,,,,,,,,,,,,,,,,,,,,,,,,,,,,,,,8,8,8,7,7,6,6,5,5,5,5,5,5,5,4,5,4,4,4,4,4,4,4,4,4,4,,
Azerbaijan,AZE,"Maternal mortality ratio (modeled estimate, per 100,000 live births)",SH.STA.MMRT,,,,,,,,,,,,,,,,,,,,,,,,,,,,,,,64,65,83,82,92,86,77,73,66,61,48,43,38,38,32,34,30,29,28,27,27,26,25,25,26,25,,
Burundi,BDI,"Maternal mortality ratio (modeled estimate, per 100,000 live births)",SH.STA.MMRT,,,,,,,,,,,,,,,,,,,,,,,,,,,,,,,1220,1250,1270,1260,1250,1210,1160,1100,1040,985,954,919,898,883,873,863,856,849,838,824,808,796,780,760,737,712,,
Belgium,BEL,"Maternal mortality ratio (modeled estimate, per 100,000 live births)",SH.STA.MMRT,,,,,,,,,,,,,,,,,,,,,,,,,,,,,,,9,9,9,9,9,10,10,9,9,9,9,9,8,8,8,8,8,8,8,8,8,8,7,7,7,7,,
Benin,BEN,"Maternal mortality ratio (modeled estimate, per 100,000 live births)",SH.STA.MMRT,,,,,,,,,,,,,,,,,,,,,,,,,,,,,,,576,553,540,537,541,550,561,571,577,576,572,561,549,538,523,502,494,481,469,457,446,436,429,422,414,405,,
Burkina Faso,BFA,"Maternal mortality ratio (modeled estimate, per 100,000 live births)",SH.STA.MMRT,,,,,,,,,,,,,,,,,,,,,,,,,,,,,,,727,709,693,674,655,636,620,601,581,565,547,530,516,500,482,468,457,447,436,428,417,408,398,389,379,371,,
Bangladesh,BGD,"Maternal mortality ratio (modeled estimate, per 100,000 live births)",SH.STA.MMRT,,,,,,,,,,,,,,,,,,,,,,,,,,,,,,,569,550,531,511,495,479,462,446,432,415,399,384,365,349,333,319,303,288,273,258,242,228,214,201,188,176,,
Bulgaria,BGR,"Maternal mortality ratio (modeled estimate, per 100,000 live births)",SH.STA.MMRT,,,,,,,,,,,,,,,,,,,,,,,,,,,,,,,25,23,25,23,25,24,24,26,23,23,21,20,18,17,16,15,14,13,12,11,11,11,10,11,11,11,,
Bahrain,BHR,"Maternal mortality ratio (modeled estimate, per 100,000 live births)",SH.STA.MMRT,,,,,,,,,,,,,,,,,,,,,,,,,,,,,,,26,25,25,23,22,22,22,22,22,22,21,21,21,20,20,20,19,18,17,17,16,16,16,15,15,15,,
"Bahamas, The",BHS,"Maternal mortality ratio (modeled estimate, per 100,000 live births)",SH.STA.MMRT,,,,,,,,,,,,,,,,,,,,,,,,,,,,,,,46,46,45,45,47,49,52,54,55,58,61,64,67,71,71,74,78,78,82,80,85,86,82,81,83,80,,
Bosnia and Herzegovina,BIH,"Maternal mortality ratio (modeled estimate, per 100,000 live births)",SH.STA.MMRT,,,,,,,,,,,,,,,,,,,,,,,,,,,,,,,28,29,28,26,24,22,21,21,19,18,17,16,15,15,15,14,14,14,13,14,13,12,12,12,12,11,,
Belarus,BLR,"Maternal mortality ratio (modeled estimate, per 100,000 live births)",SH.STA.MMRT,,,,,,,,,,,,,,,,,,,,,,,,,,,,,,,33,32,32,33,33,33,32,31,30,30,26,23,22,19,16,13,10,8,7,6,5,5,4,4,4,4,,
Belize,BLZ,"Maternal mortality ratio (modeled estimate, per 100,000 live births)",SH.STA.MMRT,,,,,,,,,,,,,,,,,,,,,,,,,,,,,,,54,54,55,54,55,55,53,53,51,52,53,53,53,50,50,52,50,46,36,39,37,33,32,29,28,28,,
Bermuda,BMU,"Maternal mortality ratio (modeled estimate, per 100,000 live births)",SH.STA.MMRT,,,,,,,,,,,,,,,,,,,,,,,,,,,,,,,,,,,,,,,,,,,,,,,,,,,,,,,,,,
Bolivia,BOL,"Maternal mortality ratio (modeled estimate, per 100,000 live births)",SH.STA.MMRT,,,,,,,,,,,,,,,,,,,,,,,,,,,,,,,425,422,417,409,401,390,375,362,350,342,334,329,323,317,312,305,298,288,277,266,253,241,230,222,215,206,,
Brazil,BRA,"Maternal mortality ratio (modeled estimate, per 100,000 live births)",SH.STA.MMRT,,,,,,,,,,,,,,,,,,,,,,,,,,,,,,,104,100,95,93,88,84,86,90,94,81,66,61,62,63,66,67,68,67,66,65,65,59,60,48,46,44,,
Barbados,BRB,"Maternal mortality ratio (modeled estimate, per 100,000 live births)",SH.STA.MMRT,,,,,,,,,,,,,,,,,,,,,,,,,,,,,,,58,52,52,52,56,49,44,45,47,50,48,46,46,46,47,40,36,38,36,34,33,31,29,28,28,27,,
Brunei Darussalam,BRN,"Maternal mortality ratio (modeled estimate, per 100,000 live births)",SH.STA.MMRT,,,,,,,,,,,,,,,,,,,,,,,,,,,,,,,35,31,32,33,34,33,34,34,33,33,31,31,30,32,32,30,28,26,27,26,27,29,25,24,23,23,,
Bhutan,BTN,"Maternal mortality ratio (modeled estimate, per 100,000 live births)",SH.STA.MMRT,,,,,,,,,,,,,,,,,,,,,,,,,,,,,,,945,877,813,749,690,636,579,530,488,454,423,397,373,353,331,308,285,263,242,221,204,190,177,166,156,148,,
Botswana,BWA,"Maternal mortality ratio (modeled estimate, per 100,000 live births)",SH.STA.MMRT,,,,,,,,,,,,,,,,,,,,,,,,,,,,,,,243,233,227,226,230,238,253,270,289,307,311,328,338,334,311,276,239,215,208,188,169,159,153,139,134,129,,
Central African Republic,CAF,"Maternal mortality ratio (modeled estimate, per 100,000 live births)",SH.STA.MMRT,,,,,,,,,,,,,,,,,,,,,,,,,,,,,,,1290,1310,1320,1320,1320,1300,1290,1280,1260,1230,1200,1190,1170,1150,1110,1060,1020,992,963,941,909,888,876,873,872,882,,
Canada,CAN,"Maternal mortality ratio (modeled estimate, per 100,000 live births)",SH.STA.MMRT,,,,,,,,,,,,,,,,,,,,,,,,,,,,,,,7,8,8,8,8,9,9,9,9,9,9,9,9,9,9,9,9,9,9,8,8,8,8,7,7,7,,
Central Europe and the Baltics,CEB,"Maternal mortality ratio (modeled estimate, per 100,000 live births)",SH.STA.MMRT,,,,,,,,,,,,,,,,,,,,,,,,,,,,,,,41,37,34,32,30,28,26,25,23,22,20,18,17,16,15,14,13,12,12,12,11,11,11,11,11,11,,
Switzerland,CHE,"Maternal mortality ratio (modeled estimate, per 100,000 live births)",SH.STA.MMRT,,,,,,,,,,,,,,,,,,,,,,,,,,,,,,,8,8,8,8,8,8,8,7,7,7,7,7,7,6,6,7,6,6,6,6,6,6,6,5,5,5,,
Channel Islands,CHI,"Maternal mortality ratio (modeled estimate, per 100,000 live births)",SH.STA.MMRT,,,,,,,,,,,,,,,,,,,,,,,,,,,,,,,,,,,,,,,,,,,,,,,,,,,,,,,,,,
Chile,CHL,"Maternal mortality ratio (modeled estimate, per 100,000 live births)",SH.STA.MMRT,,,,,,,,,,,,,,,,,,,,,,,,,,,,,,,57,52,48,45,43,41,39,36,34,34,31,32,29,29,29,27,28,29,28,27,26,25,24,23,23,22,,
China,CHN,"Maternal mortality ratio (modeled estimate, per 100,000 live births)",SH.STA.MMRT,,,,,,,,,,,,,,,,,,,,,,,,,,,,,,,97,92,87,82,77,72,68,64,62,60,58,56,54,52,50,48,45,43,40,38,35,33,31,29,28,27,,
Cote d'Ivoire,CIV,"Maternal mortality ratio (modeled estimate, per 100,000 live births)",SH.STA.MMRT,,,,,,,,,,,,,,,,,,,,,,,,,,,,,,,745,741,741,753,741,711,686,674,678,674,671,678,683,700,725,742,745,745,745,732,717,715,715,688,665,645,,
Cameroon,CMR,"Maternal mortality ratio (modeled estimate, per 100,000 live births)",SH.STA.MMRT,,,,,,,,,,,,,,,,,,,,,,,,,,,,,,,728,732,740,743,749,749,753,751,749,750,750,751,742,732,723,729,725,710,707,696,676,652,632,619,609,596,,
"Congo, Dem. Rep.",COD,"Maternal mortality ratio (modeled estimate, per 100,000 live births)",SH.STA.MMRT,,,,,,,,,,,,,,,,,,,,,,,,,,,,,,,879,881,883,890,904,914,920,919,915,902,874,853,830,808,793,787,789,803,792,793,794,777,771,746,717,693,,
"Congo, Rep.",COG,"Maternal mortality ratio (modeled estimate, per 100,000 live births)",SH.STA.MMRT,,,,,,,,,,,,,,,,,,,,,,,,,,,,,,,603,608,612,615,627,634,646,653,651,657,653,657,655,641,622,596,575,555,537,525,509,494,483,469,452,442,,
Colombia,COL,"Maternal mortality ratio (modeled estimate, per 100,000 live births)",SH.STA.MMRT,,,,,,,,,,,,,,,,,,,,,,,,,,,,,,,118,120,118,114,109,105,103,98,99,98,97,95,93,89,83,80,77,75,73,73,72,69,66,67,66,64,,
Comoros,COM,"Maternal mortality ratio (modeled estimate, per 100,000 live births)",SH.STA.MMRT,,,,,,,,,,,,,,,,,,,,,,,,,,,,,,,635,619,606,592,576,563,549,533,521,509,499,484,471,458,447,436,426,415,407,396,388,376,365,354,344,335,,
Cabo Verde,CPV,"Maternal mortality ratio (modeled estimate, per 100,000 live births)",SH.STA.MMRT,,,,,,,,,,,,,,,,,,,,,,,,,,,,,,,256,233,212,193,170,150,134,119,104,94,83,75,68,61,56,54,60,60,57,54,51,50,48,46,44,42,,
Costa Rica,CRI,"Maternal mortality ratio (modeled estimate, per 100,000 live births)",SH.STA.MMRT,,,,,,,,,,,,,,,,,,,,,,,,,,,,,,,43,45,43,41,43,44,44,42,39,40,38,36,37,36,32,31,33,29,30,32,29,28,27,26,26,25,,
Caribbean small states,CSS,"Maternal mortality ratio (modeled estimate, per 100,000 live births)",SH.STA.MMRT,,,,,,,,,,,,,,,,,,,,,,,,,,,,,,,94,93,94,95,100,102,105,106,107,109,111,111,111,110,110,110,107,106,101,97,104,102,101,101,100,99,,
Cuba,CUB,"Maternal mortality ratio (modeled estimate, per 100,000 live births)",SH.STA.MMRT,,,,,,,,,,,,,,,,,,,,,,,,,,,,,,,58,59,60,58,57,55,52,49,49,44,43,41,39,39,40,41,38,40,42,43,44,43,41,41,40,39,,
Curacao,CUW,"Maternal mortality ratio (modeled estimate, per 100,000 live births)",SH.STA.MMRT,,,,,,,,,,,,,,,,,,,,,,,,,,,,,,,,,,,,,,,,,,,,,,,,,,,,,,,,,,
Cayman Islands,CYM,"Maternal mortality ratio (modeled estimate, per 100,000 live births)",SH.STA.MMRT,,,,,,,,,,,,,,,,,,,,,,,,,,,,,,,,,,,,,,,,,,,,,,,,,,,,,,,,,,
Cyprus,CYP,"Maternal mortality ratio (modeled estimate, per 100,000 live births)",SH.STA.MMRT,,,,,,,,,,,,,,,,,,,,,,,,,,,,,,,16,15,17,14,17,17,13,14,14,14,15,9,10,9,9,12,9,8,8,8,8,7,7,7,7,7,,
Czech Republic,CZE,"Maternal mortality ratio (modeled estimate, per 100,000 live births)",SH.STA.MMRT,,,,,,,,,,,,,,,,,,,,,,,,,,,,,,,14,14,13,12,11,10,9,9,7,7,7,7,7,6,6,6,6,5,5,5,5,5,4,4,4,4,,
Germany,DEU,"Maternal mortality ratio (modeled estimate, per 100,000 live births)",SH.STA.MMRT,,,,,,,,,,,,,,,,,,,,,,,,,,,,,,,11,11,10,10,9,9,9,9,8,8,8,8,8,8,7,7,7,7,7,7,7,7,7,6,6,6,,
Djibouti,DJI,"Maternal mortality ratio (modeled estimate, per 100,000 live births)",SH.STA.MMRT,,,,,,,,,,,,,,,,,,,,,,,,,,,,,,,517,499,477,466,459,452,445,429,420,410,401,396,382,371,357,341,330,321,309,290,275,266,257,243,237,229,,
Dominica,DMA,"Maternal mortality ratio (modeled estimate, per 100,000 live births)",SH.STA.MMRT,,,,,,,,,,,,,,,,,,,,,,,,,,,,,,,,,,,,,,,,,,,,,,,,,,,,,,,,,,
Denmark,DNK,"Maternal mortality ratio (modeled estimate, per 100,000 live births)",SH.STA.MMRT,,,,,,,,,,,,,,,,,,,,,,,,,,,,,,,11,11,11,11,11,11,11,11,9,10,9,9,9,9,9,8,8,8,8,8,7,8,7,7,7,6,,
Dominican Republic,DOM,"Maternal mortality ratio (modeled estimate, per 100,000 live births)",SH.STA.MMRT,,,,,,,,,,,,,,,,,,,,,,,,,,,,,,,198,209,194,196,181,198,190,186,171,96,79,75,66,69,77,64,110,81,85,105,75,115,62,106,98,92,,
Algeria,DZA,"Maternal mortality ratio (modeled estimate, per 100,000 live births)",SH.STA.MMRT,,,,,,,,,,,,,,,,,,,,,,,,,,,,,,,216,210,205,201,196,192,189,184,179,174,170,164,158,153,150,148,147,148,148,148,147,147,145,144,141,140,,
East Asia & Pacific (excluding high income),EAP,"Maternal mortality ratio (modeled estimate, per 100,000 live births)",SH.STA.MMRT,,,,,,,,,,,,,,,,,,,,,,,,,,,,,,,168,160,154,148,142,137,133,130,127,123,120,117,113,108,104,100,95,91,86,83,79,75,71,68,65,63,,
Early-demographic dividend,EAR,"Maternal mortality ratio (modeled estimate, per 100,000 live births)",SH.STA.MMRT,,,,,,,,,,,,,,,,,,,,,,,,,,,,,,,456,442,428,415,401,388,375,362,349,335,321,308,294,280,267,253,240,228,217,207,197,188,180,172,165,159,,
East Asia & Pacific,EAS,"Maternal mortality ratio (modeled estimate, per 100,000 live births)",SH.STA.MMRT,,,,,,,,,,,,,,,,,,,,,,,,,,,,,,,159,151,146,140,133,129,125,122,119,116,113,110,106,102,98,94,89,85,81,78,74,71,67,64,62,59,,
Europe & Central Asia (excluding high income),ECA,"Maternal mortality ratio (modeled estimate, per 100,000 live births)",SH.STA.MMRT,,,,,,,,,,,,,,,,,,,,,,,,,,,,,,,70,68,69,73,74,71,67,62,59,58,56,54,52,50,46,44,39,36,33,31,29,28,26,26,25,25,,
Europe & Central Asia,ECS,"Maternal mortality ratio (modeled estimate, per 100,000 live births)",SH.STA.MMRT,,,,,,,,,,,,,,,,,,,,,,,,,,,,,,,44,43,43,45,45,43,40,37,35,34,33,32,31,30,28,27,24,22,21,20,19,18,17,17,17,16,,
Ecuador,ECU,"Maternal mortality ratio (modeled estimate, per 100,000 live births)",SH.STA.MMRT,,,,,,,,,,,,,,,,,,,,,,,,,,,,,,,185,181,172,164,147,131,124,110,116,111,103,98,91,81,75,74,71,68,68,72,75,78,74,70,66,64,,
"Egypt, Arab Rep.",EGY,"Maternal mortality ratio (modeled estimate, per 100,000 live births)",SH.STA.MMRT,,,,,,,,,,,,,,,,,,,,,,,,,,,,,,,106,102,98,93,88,83,78,74,70,66,63,60,58,56,54,52,50,47,45,43,40,39,37,35,34,33,,
Euro area,EMU,"Maternal mortality ratio (modeled estimate, per 100,000 live births)",SH.STA.MMRT,,,,,,,,,,,,,,,,,,,,,,,,,,,,,,,11,11,11,11,11,11,10,9,9,9,9,9,8,8,8,8,7,7,7,7,7,7,7,7,6,6,,
Eritrea,ERI,"Maternal mortality ratio (modeled estimate, per 100,000 live births)",SH.STA.MMRT,,,,,,,,,,,,,,,,,,,,,,,,,,,,,,,1590,1520,1430,1320,1210,1100,977,900,829,770,733,700,669,647,627,619,615,619,614,599,579,561,540,533,524,501,,
Spain,ESP,"Maternal mortality ratio (modeled estimate, per 100,000 live births)",SH.STA.MMRT,,,,,,,,,,,,,,,,,,,,,,,,,,,,,,,6,6,6,6,6,6,6,5,5,5,5,5,5,6,5,5,5,5,5,5,5,5,5,5,5,5,,
Estonia,EST,"Maternal mortality ratio (modeled estimate, per 100,000 live births)",SH.STA.MMRT,,,,,,,,,,,,,,,,,,,,,,,,,,,,,,,42,42,39,45,57,43,33,29,29,26,26,24,22,19,17,15,13,13,11,11,8,10,9,9,9,9,,
Ethiopia,ETH,"Maternal mortality ratio (modeled estimate, per 100,000 live births)",SH.STA.MMRT,,,,,,,,,,,,,,,,,,,,,,,,,,,,,,,1250,1230,1210,1180,1130,1080,1040,998,959,927,897,871,846,814,780,743,698,654,608,566,523,482,447,410,378,353,,
European Union,EUU,"Maternal mortality ratio (modeled estimate, per 100,000 live births)",SH.STA.MMRT,,,,,,,,,,,,,,,,,,,,,,,,,,,,,,,18,17,16,15,15,14,13,13,12,12,11,11,10,10,9,9,9,9,9,8,8,8,8,8,8,8,,
Fragile and conflict affected situations,FCS,"Maternal mortality ratio (modeled estimate, per 100,000 live births)",SH.STA.MMRT,,,,,,,,,,,,,,,,,,,,,,,,,,,,,,,796,787,781,776,766,753,740,724,711,697,682,667,650,633,617,601,589,578,562,550,538,524,514,500,487,475,,
Finland,FIN,"Maternal mortality ratio (modeled estimate, per 100,000 live births)",SH.STA.MMRT,,,,,,,,,,,,,,,,,,,,,,,,,,,,,,,6,6,6,5,5,5,5,5,5,5,5,4,4,4,4,4,4,4,3,3,3,3,3,3,3,3,,
Fiji,FJI,"Maternal mortality ratio (modeled estimate, per 100,000 live births)",SH.STA.MMRT,,,,,,,,,,,,,,,,,,,,,,,,,,,,,,,63,61,59,57,54,51,49,47,45,43,42,41,40,40,39,39,39,37,36,35,34,33,33,32,31,30,,
France,FRA,"Maternal mortality ratio (modeled estimate, per 100,000 live births)",SH.STA.MMRT,,,,,,,,,,,,,,,,,,,,,,,,,,,,,,,15,15,15,15,14,15,14,13,13,12,12,12,11,11,10,10,10,10,10,10,9,9,9,9,9,8,,
Faroe Islands,FRO,"Maternal mortality ratio (modeled estimate, per 100,000 live births)",SH.STA.MMRT,,,,,,,,,,,,,,,,,,,,,,,,,,,,,,,,,,,,,,,,,,,,,,,,,,,,,,,,,,
"Micronesia, Fed. Sts.",FSM,"Maternal mortality ratio (modeled estimate, per 100,000 live births)",SH.STA.MMRT,,,,,,,,,,,,,,,,,,,,,,,,,,,,,,,183,179,175,173,169,166,164,161,159,156,153,150,148,143,139,134,130,126,122,118,115,110,107,104,102,100,,
Gabon,GAB,"Maternal mortality ratio (modeled estimate, per 100,000 live births)",SH.STA.MMRT,,,,,,,,,,,,,,,,,,,,,,,,,,,,,,,422,418,411,408,408,405,403,397,401,402,405,402,399,389,372,370,367,350,335,327,322,317,314,308,295,291,,
United Kingdom,GBR,"Maternal mortality ratio (modeled estimate, per 100,000 live births)",SH.STA.MMRT,,,,,,,,,,,,,,,,,,,,,,,,,,,,,,,10,10,10,11,11,11,11,11,11,11,12,12,12,12,12,12,11,11,11,10,10,10,10,9,9,9,,
Georgia,GEO,"Maternal mortality ratio (modeled estimate, per 100,000 live births)",SH.STA.MMRT,,,,,,,,,,,,,,,,,,,,,,,,,,,,,,,34,31,30,27,34,35,36,37,37,37,37,36,37,37,37,37,37,38,37,39,40,39,39,38,37,36,,
Ghana,GHA,"Maternal mortality ratio (modeled estimate, per 100,000 live births)",SH.STA.MMRT,,,,,,,,,,,,,,,,,,,,,,,,,,,,,,,634,600,569,551,535,532,527,515,501,487,467,449,437,420,396,376,358,345,337,330,325,320,324,321,322,319,,
Gibraltar,GIB,"Maternal mortality ratio (modeled estimate, per 100,000 live births)",SH.STA.MMRT,,,,,,,,,,,,,,,,,,,,,,,,,,,,,,,,,,,,,,,,,,,,,,,,,,,,,,,,,,
Guinea,GIN,"Maternal mortality ratio (modeled estimate, per 100,000 live births)",SH.STA.MMRT,,,,,,,,,,,,,,,,,,,,,,,,,,,,,,,1040,1010,982,973,967,964,972,975,977,979,976,973,961,928,882,831,791,770,743,731,720,711,695,695,688,679,,
"Gambia, The",GMB,"Maternal mortality ratio (modeled estimate, per 100,000 live births)",SH.STA.MMRT,,,,,,,,,,,,,,,,,,,,,,,,,,,,,,,1030,1030,1020,1010,994,977,961,943,931,910,887,869,854,841,822,807,798,789,774,767,753,753,741,730,719,706,,
Guinea-Bissau,GNB,"Maternal mortality ratio (modeled estimate, per 100,000 live births)",SH.STA.MMRT,,,,,,,,,,,,,,,,,,,,,,,,,,,,,,,907,877,848,825,799,780,777,776,782,788,800,799,793,775,745,714,679,643,614,587,570,563,553,554,553,549,,
Equatorial Guinea,GNQ,"Maternal mortality ratio (modeled estimate, per 100,000 live births)",SH.STA.MMRT,,,,,,,,,,,,,,,,,,,,,,,,,,,,,,,1310,1290,1260,1230,1170,1050,949,876,818,751,702,659,611,564,523,483,450,426,408,391,379,364,361,356,351,342,,
Greece,GRC,"Maternal mortality ratio (modeled estimate, per 100,000 live births)",SH.STA.MMRT,,,,,,,,,,,,,,,,,,,,,,,,,,,,,,,5,5,5,4,4,4,4,4,4,4,4,3,3,3,3,3,3,3,3,3,3,3,3,3,3,3,,
Grenada,GRD,"Maternal mortality ratio (modeled estimate, per 100,000 live births)",SH.STA.MMRT,,,,,,,,,,,,,,,,,,,,,,,,,,,,,,,41,38,38,39,38,37,33,30,29,29,29,29,28,27,26,25,25,25,25,26,27,27,27,27,27,27,,
Greenland,GRL,"Maternal mortality ratio (modeled estimate, per 100,000 live births)",SH.STA.MMRT,,,,,,,,,,,,,,,,,,,,,,,,,,,,,,,,,,,,,,,,,,,,,,,,,,,,,,,,,,
Guatemala,GTM,"Maternal mortality ratio (modeled estimate, per 100,000 live births)",SH.STA.MMRT,,,,,,,,,,,,,,,,,,,,,,,,,,,,,,,205,198,191,184,178,173,170,171,175,179,178,170,157,146,139,120,120,118,117,115,109,103,105,99,93,88,,
Guam,GUM,"Maternal mortality ratio (modeled estimate, per 100,000 live births)",SH.STA.MMRT,,,,,,,,,,,,,,,,,,,,,,,,,,,,,,,,,,,,,,,,,,,,,,,,,,,,,,,,,,
Guyana,GUY,"Maternal mortality ratio (modeled estimate, per 100,000 live births)",SH.STA.MMRT,,,,,,,,,,,,,,,,,,,,,,,,,,,,,,,171,170,171,173,190,205,216,219,214,213,210,211,208,208,220,232,226,217,200,176,241,239,239,236,233,229,,
High income,HIC,"Maternal mortality ratio (modeled estimate, per 100,000 live births)",SH.STA.MMRT,,,,,,,,,,,,,,,,,,,,,,,,,,,,,,,18,18,18,17,17,16,16,16,15,15,15,15,15,15,14,14,14,14,14,14,14,13,13,13,13,13,,
"Hong Kong SAR, China",HKG,"Maternal mortality ratio (modeled estimate, per 100,000 live births)",SH.STA.MMRT,,,,,,,,,,,,,,,,,,,,,,,,,,,,,,,,,,,,,,,,,,,,,,,,,,,,,,,,,,
Honduras,HND,"Maternal mortality ratio (modeled estimate, per 100,000 live births)",SH.STA.MMRT,,,,,,,,,,,,,,,,,,,,,,,,,,,,,,,272,251,229,207,186,166,151,141,134,132,133,134,136,141,148,150,153,154,157,157,155,149,141,135,132,129,,
Heavily indebted poor countries (HIPC),HPC,"Maternal mortality ratio (modeled estimate, per 100,000 live births)",SH.STA.MMRT,,,,,,,,,,,,,,,,,,,,,,,,,,,,,,,957,946,940,931,916,897,881,860,840,820,799,778,754,729,702,676,654,634,611,593,574,553,537,517,499,482,,
Croatia,HRV,"Maternal mortality ratio (modeled estimate, per 100,000 live births)",SH.STA.MMRT,,,,,,,,,,,,,,,,,,,,,,,,,,,,,,,10,12,11,11,12,12,14,12,12,11,11,10,11,11,11,11,11,11,11,10,10,10,9,9,9,8,,
Haiti,HTI,"Maternal mortality ratio (modeled estimate, per 100,000 live births)",SH.STA.MMRT,,,,,,,,,,,,,,,,,,,,,,,,,,,,,,,625,594,572,559,551,544,540,529,518,516,505,492,482,479,472,459,452,442,424,408,389,369,372,370,367,359,,
Hungary,HUN,"Maternal mortality ratio (modeled estimate, per 100,000 live births)",SH.STA.MMRT,,,,,,,,,,,,,,,,,,,,,,,,,,,,,,,24,23,23,24,21,20,18,17,16,16,15,14,14,14,13,14,14,16,15,16,15,16,16,16,16,17,,
IBRD only,IBD,"Maternal mortality ratio (modeled estimate, per 100,000 live births)",SH.STA.MMRT,,,,,,,,,,,,,,,,,,,,,,,,,,,,,,,269,262,257,251,246,241,235,228,221,213,203,194,185,176,167,159,150,142,135,129,123,118,113,108,104,100,,
IDA & IBRD total,IBT,"Maternal mortality ratio (modeled estimate, per 100,000 live births)",SH.STA.MMRT,,,,,,,,,,,,,,,,,,,,,,,,,,,,,,,424,419,416,414,411,407,403,398,392,385,375,366,354,342,329,316,304,295,283,278,270,260,254,247,242,236,,
IDA total,IDA,"Maternal mortality ratio (modeled estimate, per 100,000 live births)",SH.STA.MMRT,,,,,,,,,,,,,,,,,,,,,,,,,,,,,,,824,812,801,791,780,767,757,745,732,718,702,687,666,644,620,598,575,560,538,532,517,498,486,474,463,452,,
IDA blend,IDB,"Maternal mortality ratio (modeled estimate, per 100,000 live births)",SH.STA.MMRT,,,,,,,,,,,,,,,,,,,,,,,,,,,,,,,776,764,753,745,743,739,741,741,738,733,724,715,693,668,642,619,588,578,549,564,549,525,516,513,510,506,,
Indonesia,IDN,"Maternal mortality ratio (modeled estimate, per 100,000 live births)",SH.STA.MMRT,,,,,,,,,,,,,,,,,,,,,,,,,,,,,,,446,417,391,368,347,326,312,299,287,276,265,253,241,231,221,212,200,190,181,173,165,156,148,140,133,126,,
IDA only,IDX,"Maternal mortality ratio (modeled estimate, per 100,000 live births)",SH.STA.MMRT,,,,,,,,,,,,,,,,,,,,,,,,,,,,,,,848,835,824,813,798,780,764,746,729,711,692,674,654,632,610,588,569,552,532,516,501,484,470,454,438,424,,
Isle of Man,IMN,"Maternal mortality ratio (modeled estimate, per 100,000 live births)",SH.STA.MMRT,,,,,,,,,,,,,,,,,,,,,,,,,,,,,,,,,,,,,,,,,,,,,,,,,,,,,,,,,,
India,IND,"Maternal mortality ratio (modeled estimate, per 100,000 live births)",SH.STA.MMRT,,,,,,,,,,,,,,,,,,,,,,,,,,,,,,,556,538,521,504,488,471,453,434,414,395,374,354,335,316,298,280,265,250,237,225,215,206,197,189,181,174,,
Not classified,INX,"Maternal mortality ratio (modeled estimate, per 100,000 live births)",SH.STA.MMRT,,,,,,,,,,,,,,,,,,,,,,,,,,,,,,,,,,,,,,,,,,,,,,,,,,,,,,,,,,
Ireland,IRL,"Maternal mortality ratio (modeled estimate, per 100,000 live births)",SH.STA.MMRT,,,,,,,,,,,,,,,,,,,,,,,,,,,,,,,11,10,10,9,9,10,9,9,9,9,9,9,8,7,7,8,7,7,8,9,7,8,8,8,8,8,,
"Iran, Islamic Rep.",IRN,"Maternal mortality ratio (modeled estimate, per 100,000 live births)",SH.STA.MMRT,,,,,,,,,,,,,,,,,,,,,,,,,,,,,,,123,113,103,94,87,80,73,66,60,55,51,46,43,39,36,34,32,30,29,28,27,27,26,26,26,25,,
Iraq,IRQ,"Maternal mortality ratio (modeled estimate, per 100,000 live births)",SH.STA.MMRT,,,,,,,,,,,,,,,,,,,,,,,,,,,,,,,107,101,98,98,92,87,81,75,70,66,63,61,59,57,55,54,52,52,52,52,51,51,51,50,50,50,,
Iceland,ISL,"Maternal mortality ratio (modeled estimate, per 100,000 live births)",SH.STA.MMRT,,,,,,,,,,,,,,,,,,,,,,,,,,,,,,,7,6,6,6,6,6,6,5,5,5,5,5,5,5,4,4,4,4,4,4,4,3,3,4,4,3,,
Israel,ISR,"Maternal mortality ratio (modeled estimate, per 100,000 live births)",SH.STA.MMRT,,,,,,,,,,,,,,,,,,,,,,,,,,,,,,,11,11,10,10,9,10,9,9,9,9,8,8,8,8,7,7,7,6,6,6,6,6,5,5,5,5,,
Italy,ITA,"Maternal mortality ratio (modeled estimate, per 100,000 live births)",SH.STA.MMRT,,,,,,,,,,,,,,,,,,,,,,,,,,,,,,,8,8,7,7,7,7,6,6,5,5,5,5,5,5,4,4,4,4,4,4,4,4,4,4,4,4,,
Jamaica,JAM,"Maternal mortality ratio (modeled estimate, per 100,000 live births)",SH.STA.MMRT,,,,,,,,,,,,,,,,,,,,,,,,,,,,,,,79,78,78,79,80,81,83,85,87,88,89,90,90,90,90,92,91,93,93,93,93,93,92,91,90,89,,
Jordan,JOR,"Maternal mortality ratio (modeled estimate, per 100,000 live births)",SH.STA.MMRT,,,,,,,,,,,,,,,,,,,,,,,,,,,,,,,110,105,102,99,96,93,91,88,84,80,77,73,70,68,65,62,60,59,58,58,59,59,59,59,59,58,,
Japan,JPN,"Maternal mortality ratio (modeled estimate, per 100,000 live births)",SH.STA.MMRT,,,,,,,,,,,,,,,,,,,,,,,,,,,,,,,14,13,12,12,11,11,11,10,10,10,10,9,8,8,8,7,7,6,6,6,6,6,6,6,6,5,,
Kazakhstan,KAZ,"Maternal mortality ratio (modeled estimate, per 100,000 live births)",SH.STA.MMRT,,,,,,,,,,,,,,,,,,,,,,,,,,,,,,,78,77,80,87,86,92,91,87,81,72,65,60,54,50,46,44,41,37,30,24,20,17,15,13,12,12,,
Kenya,KEN,"Maternal mortality ratio (modeled estimate, per 100,000 live births)",SH.STA.MMRT,,,,,,,,,,,,,,,,,,,,,,,,,,,,,,,687,678,671,669,684,698,717,729,741,755,759,765,767,768,751,728,702,680,660,633,605,584,562,540,525,510,,
Kyrgyz Republic,KGZ,"Maternal mortality ratio (modeled estimate, per 100,000 live births)",SH.STA.MMRT,,,,,,,,,,,,,,,,,,,,,,,,,,,,,,,80,82,79,82,89,92,85,78,77,72,74,72,81,82,81,85,90,89,89,89,84,87,81,79,77,76,,
Cambodia,KHM,"Maternal mortality ratio (modeled estimate, per 100,000 live births)",SH.STA.MMRT,,,,,,,,,,,,,,,,,,,,,,,,,,,,,,,1020,955,896,842,789,730,682,633,582,532,484,441,402,367,341,315,284,257,237,217,202,188,178,173,167,161,,
Kiribati,KIR,"Maternal mortality ratio (modeled estimate, per 100,000 live births)",SH.STA.MMRT,,,,,,,,,,,,,,,,,,,,,,,,,,,,,,,234,232,228,222,215,207,198,190,182,174,166,160,153,146,140,135,128,123,119,114,109,105,101,96,93,90,,
St. Kitts and Nevis,KNA,"Maternal mortality ratio (modeled estimate, per 100,000 live births)",SH.STA.MMRT,,,,,,,,,,,,,,,,,,,,,,,,,,,,,,,,,,,,,,,,,,,,,,,,,,,,,,,,,,
"Korea, Rep.",KOR,"Maternal mortality ratio (modeled estimate, per 100,000 live births)",SH.STA.MMRT,,,,,,,,,,,,,,,,,,,,,,,,,,,,,,,21,21,20,19,19,19,19,18,17,16,16,14,14,15,14,14,13,14,14,15,15,14,13,12,12,11,,
Kuwait,KWT,"Maternal mortality ratio (modeled estimate, per 100,000 live births)",SH.STA.MMRT,,,,,,,,,,,,,,,,,,,,,,,,,,,,,,,7,5,6,7,8,9,9,8,8,7,7,7,6,6,6,6,6,6,6,5,5,4,4,4,4,4,,
Latin America & Caribbean (excluding high income),LAC,"Maternal mortality ratio (modeled estimate, per 100,000 live births)",SH.STA.MMRT,,,,,,,,,,,,,,,,,,,,,,,,,,,,,,,142,139,135,132,127,124,122,120,120,113,104,99,97,94,94,92,91,89,88,88,84,81,78,75,72,70,,
Lao PDR,LAO,"Maternal mortality ratio (modeled estimate, per 100,000 live births)",SH.STA.MMRT,,,,,,,,,,,,,,,,,,,,,,,,,,,,,,,905,863,819,774,734,695,664,632,602,573,546,519,493,468,444,418,392,366,341,316,294,271,250,230,213,197,,
Lebanon,LBN,"Maternal mortality ratio (modeled estimate, per 100,000 live births)",SH.STA.MMRT,,,,,,,,,,,,,,,,,,,,,,,,,,,,,,,74,71,65,61,57,54,51,49,47,45,42,39,36,33,30,27,24,23,21,20,19,18,17,16,16,15,,
Liberia,LBR,"Maternal mortality ratio (modeled estimate, per 100,000 live births)",SH.STA.MMRT,,,,,,,,,,,,,,,,,,,,,,,,,,,,,,,1500,1640,1790,1850,1890,1800,1630,1480,1370,1300,1270,1260,1250,1200,1110,1020,935,890,851,829,811,798,787,762,741,725,,
Libya,LBY,"Maternal mortality ratio (modeled estimate, per 100,000 live births)",SH.STA.MMRT,,,,,,,,,,,,,,,,,,,,,,,,,,,,,,,39,35,32,29,27,25,23,21,20,18,17,16,14,13,12,11,10,9,9,9,9,9,9,9,9,9,,
St. Lucia,LCA,"Maternal mortality ratio (modeled estimate, per 100,000 live births)",SH.STA.MMRT,,,,,,,,,,,,,,,,,,,,,,,,,,,,,,,45,42,40,39,40,43,46,49,51,52,54,58,62,68,68,67,59,61,58,56,54,52,50,49,49,48,,
Latin America & Caribbean,LCN,"Maternal mortality ratio (modeled estimate, per 100,000 live births)",SH.STA.MMRT,,,,,,,,,,,,,,,,,,,,,,,,,,,,,,,135,131,127,124,120,117,115,114,114,107,99,95,92,90,90,88,87,85,84,85,81,78,75,72,69,67,,
Least developed countries: UN classification,LDC,"Maternal mortality ratio (modeled estimate, per 100,000 live births)",SH.STA.MMRT,,,,,,,,,,,,,,,,,,,,,,,,,,,,,,,903,889,879,867,851,832,814,794,774,753,732,711,688,664,639,614,593,575,553,536,519,501,485,468,451,436,,
Low income,LIC,"Maternal mortality ratio (modeled estimate, per 100,000 live births)",SH.STA.MMRT,,,,,,,,,,,,,,,,,,,,,,,,,,,,,,,954,942,933,923,908,889,873,854,835,816,796,776,753,727,701,674,652,632,608,589,570,549,532,512,495,479,,
Liechtenstein,LIE,"Maternal mortality ratio (modeled estimate, per 100,000 live births)",SH.STA.MMRT,,,,,,,,,,,,,,,,,,,,,,,,,,,,,,,,,,,,,,,,,,,,,,,,,,,,,,,,,,
Sri Lanka,LKA,"Maternal mortality ratio (modeled estimate, per 100,000 live births)",SH.STA.MMRT,,,,,,,,,,,,,,,,,,,,,,,,,,,,,,,75,73,72,68,69,70,68,67,60,58,57,47,45,46,44,43,42,39,38,36,35,33,32,32,31,30,,
Lower middle income,LMC,"Maternal mortality ratio (modeled estimate, per 100,000 live births)",SH.STA.MMRT,,,,,,,,,,,,,,,,,,,,,,,,,,,,,,,545,531,517,505,494,483,472,461,449,435,421,407,391,374,359,343,327,317,303,300,291,280,273,267,262,257,,
Low & middle income,LMY,"Maternal mortality ratio (modeled estimate, per 100,000 live births)",SH.STA.MMRT,,,,,,,,,,,,,,,,,,,,,,,,,,,,,,,428,423,420,417,414,410,406,401,395,387,378,368,357,344,331,319,306,297,285,280,272,262,256,249,243,238,,
Lesotho,LSO,"Maternal mortality ratio (modeled estimate, per 100,000 live births)",SH.STA.MMRT,,,,,,,,,,,,,,,,,,,,,,,,,,,,,,,629,586,552,527,522,525,538,560,586,615,649,679,704,722,737,746,725,707,668,635,587,555,549,532,513,487,,
Late-demographic dividend,LTE,"Maternal mortality ratio (modeled estimate, per 100,000 live births)",SH.STA.MMRT,,,,,,,,,,,,,,,,,,,,,,,,,,,,,,,97,93,89,85,81,77,74,72,70,67,63,61,59,57,55,53,51,49,47,45,43,40,39,36,35,34,,
Lithuania,LTU,"Maternal mortality ratio (modeled estimate, per 100,000 live births)",SH.STA.MMRT,,,,,,,,,,,,,,,,,,,,,,,,,,,,,,,29,29,28,29,31,28,26,21,20,18,16,16,14,14,12,12,13,12,11,10,9,11,10,10,10,10,,
Luxembourg,LUX,"Maternal mortality ratio (modeled estimate, per 100,000 live births)",SH.STA.MMRT,,,,,,,,,,,,,,,,,,,,,,,,,,,,,,,12,13,13,13,13,13,13,13,12,12,13,13,12,12,12,13,12,12,10,11,11,11,11,10,10,10,,
Latvia,LVA,"Maternal mortality ratio (modeled estimate, per 100,000 live births)",SH.STA.MMRT,,,,,,,,,,,,,,,,,,,,,,,,,,,,,,,48,47,48,58,61,54,43,39,37,35,30,29,26,26,23,22,23,23,20,20,19,21,18,18,18,18,,
"Macao SAR, China",MAC,"Maternal mortality ratio (modeled estimate, per 100,000 live births)",SH.STA.MMRT,,,,,,,,,,,,,,,,,,,,,,,,,,,,,,,,,,,,,,,,,,,,,,,,,,,,,,,,,,
St. Martin (French part),MAF,"Maternal mortality ratio (modeled estimate, per 100,000 live births)",SH.STA.MMRT,,,,,,,,,,,,,,,,,,,,,,,,,,,,,,,,,,,,,,,,,,,,,,,,,,,,,,,,,,
Morocco,MAR,"Maternal mortality ratio (modeled estimate, per 100,000 live births)",SH.STA.MMRT,,,,,,,,,,,,,,,,,,,,,,,,,,,,,,,317,300,285,273,264,257,249,242,235,228,221,214,207,201,196,190,185,179,172,164,153,144,137,131,126,121,,
Monaco,MCO,"Maternal mortality ratio (modeled estimate, per 100,000 live births)",SH.STA.MMRT,,,,,,,,,,,,,,,,,,,,,,,,,,,,,,,,,,,,,,,,,,,,,,,,,,,,,,,,,,
Moldova,MDA,"Maternal mortality ratio (modeled estimate, per 100,000 live births)",SH.STA.MMRT,,,,,,,,,,,,,,,,,,,,,,,,,,,,,,,51,60,55,55,63,66,61,58,53,52,49,45,43,41,37,39,36,36,35,33,34,25,26,24,24,23,,
Madagascar,MDG,"Maternal mortality ratio (modeled estimate, per 100,000 live births)",SH.STA.MMRT,,,,,,,,,,,,,,,,,,,,,,,,,,,,,,,778,761,738,709,676,644,612,584,561,544,536,531,527,522,519,508,495,482,468,453,436,420,402,384,369,353,,
Maldives,MDV,"Maternal mortality ratio (modeled estimate, per 100,000 live births)",SH.STA.MMRT,,,,,,,,,,,,,,,,,,,,,,,,,,,,,,,677,594,505,425,370,340,289,276,244,206,163,149,146,136,114,101,87,93,96,96,87,82,76,70,69,68,,
Middle East & North Africa,MEA,"Maternal mortality ratio (modeled estimate, per 100,000 live births)",SH.STA.MMRT,,,,,,,,,,,,,,,,,,,,,,,,,,,,,,,166,159,154,149,144,138,133,128,122,117,113,110,107,104,102,100,98,95,93,91,89,87,86,84,83,81,,
Mexico,MEX,"Maternal mortality ratio (modeled estimate, per 100,000 live births)",SH.STA.MMRT,,,,,,,,,,,,,,,,,,,,,,,,,,,,,,,90,87,87,87,86,85,82,82,83,82,77,69,61,57,54,54,51,50,50,53,45,42,42,41,39,38,,
Marshall Islands,MHL,"Maternal mortality ratio (modeled estimate, per 100,000 live births)",SH.STA.MMRT,,,,,,,,,,,,,,,,,,,,,,,,,,,,,,,,,,,,,,,,,,,,,,,,,,,,,,,,,,
Middle income,MIC,"Maternal mortality ratio (modeled estimate, per 100,000 live births)",SH.STA.MMRT,,,,,,,,,,,,,,,,,,,,,,,,,,,,,,,351,345,340,335,331,327,322,317,312,304,295,286,275,264,254,243,232,224,214,212,205,197,192,188,184,180,,
"Macedonia, FYR",MKD,"Maternal mortality ratio (modeled estimate, per 100,000 live births)",SH.STA.MMRT,,,,,,,,,,,,,,,,,,,,,,,,,,,,,,,14,14,14,13,12,13,14,13,13,12,12,10,11,10,10,10,9,9,8,8,8,7,8,8,8,8,,
Mali,MLI,"Maternal mortality ratio (modeled estimate, per 100,000 live births)",SH.STA.MMRT,,,,,,,,,,,,,,,,,,,,,,,,,,,,,,,1010,993,985,967,940,911,892,865,851,841,834,805,777,754,735,714,707,697,674,652,630,617,617,610,601,587,,
Malta,MLT,"Maternal mortality ratio (modeled estimate, per 100,000 live births)",SH.STA.MMRT,,,,,,,,,,,,,,,,,,,,,,,,,,,,,,,13,14,15,14,13,14,15,15,16,16,15,14,14,14,13,13,12,12,11,11,11,11,11,9,9,9,,
Myanmar,MMR,"Maternal mortality ratio (modeled estimate, per 100,000 live births)",SH.STA.MMRT,,,,,,,,,,,,,,,,,,,,,,,,,,,,,,,453,436,420,404,389,376,362,349,335,322,308,297,284,273,261,248,237,226,218,210,205,201,195,189,184,178,,
Middle East & North Africa (excluding high income),MNA,"Maternal mortality ratio (modeled estimate, per 100,000 live births)",SH.STA.MMRT,,,,,,,,,,,,,,,,,,,,,,,,,,,,,,,181,174,168,163,157,152,146,141,135,130,125,121,118,115,113,110,108,106,103,101,99,97,95,94,92,90,,
Montenegro,MNE,"Maternal mortality ratio (modeled estimate, per 100,000 live births)",SH.STA.MMRT,,,,,,,,,,,,,,,,,,,,,,,,,,,,,,,10,11,11,12,12,12,12,12,13,12,11,11,11,11,10,9,8,8,8,8,8,7,8,7,7,7,,
Mongolia,MNG,"Maternal mortality ratio (modeled estimate, per 100,000 live births)",SH.STA.MMRT,,,,,,,,,,,,,,,,,,,,,,,,,,,,,,,186,193,201,207,208,205,199,192,184,174,161,147,132,117,105,95,86,80,74,68,63,58,53,49,46,44,,
Northern Mariana Islands,MNP,"Maternal mortality ratio (modeled estimate, per 100,000 live births)",SH.STA.MMRT,,,,,,,,,,,,,,,,,,,,,,,,,,,,,,,,,,,,,,,,,,,,,,,,,,,,,,,,,,
Mozambique,MOZ,"Maternal mortality ratio (modeled estimate, per 100,000 live births)",SH.STA.MMRT,,,,,,,,,,,,,,,,,,,,,,,,,,,,,,,1390,1320,1290,1260,1210,1150,1100,1050,1000,956,915,875,840,804,783,762,741,716,682,646,619,596,563,528,506,489,,
Mauritania,MRT,"Maternal mortality ratio (modeled estimate, per 100,000 live births)",SH.STA.MMRT,,,,,,,,,,,,,,,,,,,,,,,,,,,,,,,859,848,843,837,827,824,824,819,820,821,813,805,796,781,764,750,745,744,739,734,723,704,682,655,629,602,,
Mauritius,MUS,"Maternal mortality ratio (modeled estimate, per 100,000 live births)",SH.STA.MMRT,,,,,,,,,,,,,,,,,,,,,,,,,,,,,,,81,76,82,74,68,60,50,52,48,43,40,36,35,38,37,39,42,45,46,52,59,51,54,54,54,53,,
Malawi,MWI,"Maternal mortality ratio (modeled estimate, per 100,000 live births)",SH.STA.MMRT,,,,,,,,,,,,,,,,,,,,,,,,,,,,,,,957,954,958,948,956,953,952,939,916,904,890,868,839,783,699,648,614,613,629,633,629,618,624,636,638,634,,
Malaysia,MYS,"Maternal mortality ratio (modeled estimate, per 100,000 live births)",SH.STA.MMRT,,,,,,,,,,,,,,,,,,,,,,,,,,,,,,,79,79,75,73,67,68,65,64,60,62,58,56,54,55,53,52,51,48,48,48,48,47,45,43,41,40,,
North America,NAC,"Maternal mortality ratio (modeled estimate, per 100,000 live births)",SH.STA.MMRT,,,,,,,,,,,,,,,,,,,,,,,,,,,,,,,11,11,11,11,11,11,11,11,11,11,12,12,13,13,13,13,13,13,14,14,14,14,14,14,13,13,,
Namibia,NAM,"Maternal mortality ratio (modeled estimate, per 100,000 live births)",SH.STA.MMRT,,,,,,,,,,,,,,,,,,,,,,,,,,,,,,,338,335,330,324,323,320,320,324,329,341,352,367,379,387,391,390,371,344,331,321,319,315,299,283,273,265,,
New Caledonia,NCL,"Maternal mortality ratio (modeled estimate, per 100,000 live births)",SH.STA.MMRT,,,,,,,,,,,,,,,,,,,,,,,,,,,,,,,,,,,,,,,,,,,,,,,,,,,,,,,,,,
Niger,NER,"Maternal mortality ratio (modeled estimate, per 100,000 live births)",SH.STA.MMRT,,,,,,,,,,,,,,,,,,,,,,,,,,,,,,,873,858,848,839,836,828,823,818,811,805,794,786,774,757,738,723,711,699,679,661,657,635,619,596,574,553,,
Nigeria,NGA,"Maternal mortality ratio (modeled estimate, per 100,000 live births)",SH.STA.MMRT,,,,,,,,,,,,,,,,,,,,,,,,,,,,,,,1350,1320,1300,1280,1270,1250,1250,1240,1220,1200,1170,1140,1090,1040,986,946,890,884,829,883,867,824,819,821,820,814,,
Nicaragua,NIC,"Maternal mortality ratio (modeled estimate, per 100,000 live births)",SH.STA.MMRT,,,,,,,,,,,,,,,,,,,,,,,,,,,,,,,173,200,188,204,199,212,220,215,242,205,202,215,204,188,189,190,164,171,167,171,166,153,164,159,154,150,,
Netherlands,NLD,"Maternal mortality ratio (modeled estimate, per 100,000 live births)",SH.STA.MMRT,,,,,,,,,,,,,,,,,,,,,,,,,,,,,,,12,12,12,12,13,13,13,13,13,14,14,13,13,13,12,11,10,9,9,8,8,8,7,7,7,7,,
Norway,NOR,"Maternal mortality ratio (modeled estimate, per 100,000 live births)",SH.STA.MMRT,,,,,,,,,,,,,,,,,,,,,,,,,,,,,,,7,7,7,7,7,7,7,7,7,7,7,7,6,7,7,7,6,6,6,6,6,6,5,5,5,5,,
Nepal,NPL,"Maternal mortality ratio (modeled estimate, per 100,000 live births)",SH.STA.MMRT,,,,,,,,,,,,,,,,,,,,,,,,,,,,,,,901,851,798,742,693,660,631,611,591,570,548,527,505,482,461,444,425,406,386,368,349,328,308,291,275,258,,
Nauru,NRU,"Maternal mortality ratio (modeled estimate, per 100,000 live births)",SH.STA.MMRT,,,,,,,,,,,,,,,,,,,,,,,,,,,,,,,,,,,,,,,,,,,,,,,,,,,,,,,,,,
New Zealand,NZL,"Maternal mortality ratio (modeled estimate, per 100,000 live births)",SH.STA.MMRT,,,,,,,,,,,,,,,,,,,,,,,,,,,,,,,18,17,16,15,14,15,15,14,13,14,12,13,13,13,13,14,13,13,12,12,13,12,12,12,11,11,,
OECD members,OED,"Maternal mortality ratio (modeled estimate, per 100,000 live births)",SH.STA.MMRT,,,,,,,,,,,,,,,,,,,,,,,,,,,,,,,32,31,31,31,30,30,29,29,29,29,28,26,24,23,22,21,20,19,18,18,17,16,16,15,15,14,,
Oman,OMN,"Maternal mortality ratio (modeled estimate, per 100,000 live births)",SH.STA.MMRT,,,,,,,,,,,,,,,,,,,,,,,,,,,,,,,30,27,24,22,21,20,20,20,20,20,20,21,21,21,21,20,19,19,18,18,18,18,18,18,18,17,,
Other small states,OSS,"Maternal mortality ratio (modeled estimate, per 100,000 live births)",SH.STA.MMRT,,,,,,,,,,,,,,,,,,,,,,,,,,,,,,,538,524,510,499,490,479,473,470,470,469,469,468,465,458,448,436,418,399,382,368,354,345,337,331,324,316,,
Pakistan,PAK,"Maternal mortality ratio (modeled estimate, per 100,000 live births)",SH.STA.MMRT,,,,,,,,,,,,,,,,,,,,,,,,,,,,,,,431,418,403,388,375,363,353,342,330,318,306,294,282,271,259,249,239,230,223,217,211,204,197,190,184,178,,
Panama,PAN,"Maternal mortality ratio (modeled estimate, per 100,000 live births)",SH.STA.MMRT,,,,,,,,,,,,,,,,,,,,,,,,,,,,,,,102,98,96,91,85,94,89,96,98,82,82,79,85,88,85,87,88,89,92,94,101,102,101,99,97,94,,
Peru,PER,"Maternal mortality ratio (modeled estimate, per 100,000 live births)",SH.STA.MMRT,,,,,,,,,,,,,,,,,,,,,,,,,,,,,,,251,243,234,223,215,206,199,181,168,157,140,126,124,120,121,114,99,95,99,94,92,85,75,72,70,68,,
Philippines,PHL,"Maternal mortality ratio (modeled estimate, per 100,000 live births)",SH.STA.MMRT,,,,,,,,,,,,,,,,,,,,,,,,,,,,,,,152,134,139,135,121,122,122,119,122,117,124,128,127,125,126,127,127,128,129,131,129,127,126,121,117,114,,
Palau,PLW,"Maternal mortality ratio (modeled estimate, per 100,000 live births)",SH.STA.MMRT,,,,,,,,,,,,,,,,,,,,,,,,,,,,,,,,,,,,,,,,,,,,,,,,,,,,,,,,,,
Papua New Guinea,PNG,"Maternal mortality ratio (modeled estimate, per 100,000 live births)",SH.STA.MMRT,,,,,,,,,,,,,,,,,,,,,,,,,,,,,,,470,447,427,405,388,377,371,365,360,353,342,330,318,305,290,277,264,259,258,249,238,231,227,224,220,215,,
Poland,POL,"Maternal mortality ratio (modeled estimate, per 100,000 live births)",SH.STA.MMRT,,,,,,,,,,,,,,,,,,,,,,,,,,,,,,,17,17,16,15,14,13,12,11,10,9,8,7,7,6,6,6,5,5,4,4,4,3,3,3,3,3,,
Pre-demographic dividend,PRE,"Maternal mortality ratio (modeled estimate, per 100,000 live births)",SH.STA.MMRT,,,,,,,,,,,,,,,,,,,,,,,,,,,,,,,1010,1000,991,983,974,959,946,932,915,897,875,854,825,794,764,736,707,692,664,663,646,623,610,596,582,568,,
Puerto Rico,PRI,"Maternal mortality ratio (modeled estimate, per 100,000 live births)",SH.STA.MMRT,,,,,,,,,,,,,,,,,,,,,,,,,,,,,,,26,26,26,25,25,25,24,24,23,23,22,21,20,20,19,19,18,18,17,17,16,16,15,15,15,14,,
"Korea, Dem. People’s Rep.",PRK,"Maternal mortality ratio (modeled estimate, per 100,000 live births)",SH.STA.MMRT,,,,,,,,,,,,,,,,,,,,,,,,,,,,,,,75,63,56,56,65,81,99,116,127,131,128,121,114,109,106,105,104,104,103,100,97,95,91,87,85,82,,
Portugal,PRT,"Maternal mortality ratio (modeled estimate, per 100,000 live births)",SH.STA.MMRT,,,,,,,,,,,,,,,,,,,,,,,,,,,,,,,17,17,17,16,15,15,15,15,14,14,13,13,13,12,12,12,11,11,11,11,11,10,11,10,10,10,,
Paraguay,PRY,"Maternal mortality ratio (modeled estimate, per 100,000 live births)",SH.STA.MMRT,,,,,,,,,,,,,,,,,,,,,,,,,,,,,,,150,149,149,147,147,147,153,143,143,149,158,157,160,163,181,159,166,148,149,155,139,145,139,136,134,132,,
West Bank and Gaza,PSE,"Maternal mortality ratio (modeled estimate, per 100,000 live births)",SH.STA.MMRT,,,,,,,,,,,,,,,,,,,,,,,,,,,,,,,118,114,111,106,101,96,90,83,78,75,72,70,68,66,64,62,61,60,58,56,54,52,50,48,47,45,,
Pacific island small states,PSS,"Maternal mortality ratio (modeled estimate, per 100,000 live births)",SH.STA.MMRT,,,,,,,,,,,,,,,,,,,,,,,,,,,,,,,176,170,163,156,150,144,139,134,129,125,120,115,112,108,104,101,99,96,93,91,88,85,83,80,78,75,,
Post-demographic dividend,PST,"Maternal mortality ratio (modeled estimate, per 100,000 live births)",SH.STA.MMRT,,,,,,,,,,,,,,,,,,,,,,,,,,,,,,,15,15,14,14,14,14,13,13,12,12,12,12,12,12,11,12,11,11,11,11,11,11,11,11,11,10,,
French Polynesia,PYF,"Maternal mortality ratio (modeled estimate, per 100,000 live births)",SH.STA.MMRT,,,,,,,,,,,,,,,,,,,,,,,,,,,,,,,,,,,,,,,,,,,,,,,,,,,,,,,,,,
Qatar,QAT,"Maternal mortality ratio (modeled estimate, per 100,000 live births)",SH.STA.MMRT,,,,,,,,,,,,,,,,,,,,,,,,,,,,,,,29,30,29,29,29,28,26,25,24,24,24,23,23,21,21,21,21,19,17,17,16,15,14,13,13,13,,
Romania,ROU,"Maternal mortality ratio (modeled estimate, per 100,000 live births)",SH.STA.MMRT,,,,,,,,,,,,,,,,,,,,,,,,,,,,,,,124,106,96,87,81,77,73,69,62,56,51,46,44,40,35,33,30,29,29,30,30,30,30,31,31,31,,
Russian Federation,RUS,"Maternal mortality ratio (modeled estimate, per 100,000 live births)",SH.STA.MMRT,,,,,,,,,,,,,,,,,,,,,,,,,,,,,,,63,63,67,81,88,82,71,62,57,59,57,54,51,49,44,42,36,34,32,30,29,27,26,25,25,25,,
Rwanda,RWA,"Maternal mortality ratio (modeled estimate, per 100,000 live births)",SH.STA.MMRT,,,,,,,,,,,,,,,,,,,,,,,,,,,,,,,1300,1290,1300,1290,1270,1260,1260,1230,1130,1070,1020,946,870,770,662,567,534,495,452,411,381,361,336,318,304,290,,
South Asia,SAS,"Maternal mortality ratio (modeled estimate, per 100,000 live births)",SH.STA.MMRT,,,,,,,,,,,,,,,,,,,,,,,,,,,,,,,558,541,525,508,492,476,460,442,424,406,388,369,350,331,314,296,281,265,252,239,228,218,208,198,189,182,,
Saudi Arabia,SAU,"Maternal mortality ratio (modeled estimate, per 100,000 live births)",SH.STA.MMRT,,,,,,,,,,,,,,,,,,,,,,,,,,,,,,,46,43,41,38,36,33,30,28,26,25,23,22,21,20,19,18,17,16,15,14,14,13,13,12,12,12,,
Sudan,SDN,"Maternal mortality ratio (modeled estimate, per 100,000 live births)",SH.STA.MMRT,,,,,,,,,,,,,,,,,,,,,,,,,,,,,,,744,726,711,690,667,648,627,605,582,562,544,524,504,486,463,440,418,396,376,361,349,339,330,325,318,311,,
Senegal,SEN,"Maternal mortality ratio (modeled estimate, per 100,000 live births)",SH.STA.MMRT,,,,,,,,,,,,,,,,,,,,,,,,,,,,,,,540,527,519,513,511,509,508,506,501,496,488,481,474,462,445,427,426,414,398,387,375,365,351,335,323,315,,
Singapore,SGP,"Maternal mortality ratio (modeled estimate, per 100,000 live births)",SH.STA.MMRT,,,,,,,,,,,,,,,,,,,,,,,,,,,,,,,12,10,11,11,12,13,14,15,16,18,18,18,18,17,17,16,16,14,14,12,11,12,12,11,10,10,,
Solomon Islands,SLB,"Maternal mortality ratio (modeled estimate, per 100,000 live births)",SH.STA.MMRT,,,,,,,,,,,,,,,,,,,,,,,,,,,,,,,364,345,325,304,288,273,259,247,237,226,214,203,192,182,172,164,158,152,147,142,136,131,126,122,118,114,,
Sierra Leone,SLE,"Maternal mortality ratio (modeled estimate, per 100,000 live births)",SH.STA.MMRT,,,,,,,,,,,,,,,,,,,,,,,,,,,,,,,2630,2700,2780,2850,2900,2900,2890,2870,2820,2750,2650,2530,2390,2270,2110,1990,1880,1800,1730,1680,1630,1580,1510,1460,1410,1360,,
El Salvador,SLV,"Maternal mortality ratio (modeled estimate, per 100,000 live births)",SH.STA.MMRT,,,,,,,,,,,,,,,,,,,,,,,,,,,,,,,157,143,140,138,135,118,112,111,100,88,84,86,72,69,69,68,67,62,59,63,59,60,57,55,54,54,,
San Marino,SMR,"Maternal mortality ratio (modeled estimate, per 100,000 live births)",SH.STA.MMRT,,,,,,,,,,,,,,,,,,,,,,,,,,,,,,,,,,,,,,,,,,,,,,,,,,,,,,,,,,
Somalia,SOM,"Maternal mortality ratio (modeled estimate, per 100,000 live births)",SH.STA.MMRT,,,,,,,,,,,,,,,,,,,,,,,,,,,,,,,1210,1210,1210,1210,1200,1190,1190,1160,1130,1110,1080,1050,1020,999,971,939,911,885,865,846,820,808,791,775,753,732,,
Serbia,SRB,"Maternal mortality ratio (modeled estimate, per 100,000 live births)",SH.STA.MMRT,,,,,,,,,,,,,,,,,,,,,,,,,,,,,,,14,15,15,16,16,15,16,16,17,17,17,17,16,16,15,15,15,14,15,15,16,16,16,17,17,17,,
Sub-Saharan Africa (excluding high income),SSA,"Maternal mortality ratio (modeled estimate, per 100,000 live births)",SH.STA.MMRT,,,,,,,,,,,,,,,,,,,,,,,,,,,,,,,987,975,965,956,944,928,916,901,884,867,846,827,801,773,744,717,689,673,646,642,625,601,587,573,560,547,,
South Sudan,SSD,"Maternal mortality ratio (modeled estimate, per 100,000 live births)",SH.STA.MMRT,,,,,,,,,,,,,,,,,,,,,,,,,,,,,,,1730,1700,1670,1630,1580,1530,1470,1410,1370,1340,1310,1270,1230,1190,1150,1090,1030,971,928,886,876,869,857,841,823,789,,
Sub-Saharan Africa,SSF,"Maternal mortality ratio (modeled estimate, per 100,000 live births)",SH.STA.MMRT,,,,,,,,,,,,,,,,,,,,,,,,,,,,,,,987,975,965,956,944,928,916,901,884,867,846,827,801,773,744,717,689,673,646,642,625,601,587,573,560,547,,
Small states,SST,"Maternal mortality ratio (modeled estimate, per 100,000 live births)",SH.STA.MMRT,,,,,,,,,,,,,,,,,,,,,,,,,,,,,,,428,418,409,401,396,389,385,383,384,384,384,384,383,378,371,362,349,335,322,310,301,294,288,283,278,272,,
Sao Tome and Principe,STP,"Maternal mortality ratio (modeled estimate, per 100,000 live births)",SH.STA.MMRT,,,,,,,,,,,,,,,,,,,,,,,,,,,,,,,330,317,303,291,271,263,254,244,237,231,222,215,207,199,191,181,176,173,167,166,162,161,162,161,159,156,,
Suriname,SUR,"Maternal mortality ratio (modeled estimate, per 100,000 live births)",SH.STA.MMRT,,,,,,,,,,,,,,,,,,,,,,,,,,,,,,,127,122,137,153,174,177,184,192,213,237,259,267,271,261,241,223,218,217,194,177,169,157,155,162,158,155,,
Slovak Republic,SVK,"Maternal mortality ratio (modeled estimate, per 100,000 live births)",SH.STA.MMRT,,,,,,,,,,,,,,,,,,,,,,,,,,,,,,,11,11,11,10,10,9,9,9,9,9,8,8,8,7,7,7,6,7,6,6,6,6,6,6,6,6,,
Slovenia,SVN,"Maternal mortality ratio (modeled estimate, per 100,000 live births)",SH.STA.MMRT,,,,,,,,,,,,,,,,,,,,,,,,,,,,,,,12,12,13,12,13,12,12,11,12,12,12,11,12,11,12,11,9,10,9,9,9,9,8,9,9,9,,
Sweden,SWE,"Maternal mortality ratio (modeled estimate, per 100,000 live births)",SH.STA.MMRT,,,,,,,,,,,,,,,,,,,,,,,,,,,,,,,8,7,7,7,7,6,6,6,6,6,5,5,5,5,6,5,5,5,5,5,4,4,4,4,4,4,,
Eswatini,SWZ,"Maternal mortality ratio (modeled estimate, per 100,000 live births)",SH.STA.MMRT,,,,,,,,,,,,,,,,,,,,,,,,,,,,,,,635,602,570,549,538,537,545,553,567,579,586,597,601,601,601,595,561,517,476,451,436,418,400,413,400,389,,
Sint Maarten (Dutch part),SXM,"Maternal mortality ratio (modeled estimate, per 100,000 live births)",SH.STA.MMRT,,,,,,,,,,,,,,,,,,,,,,,,,,,,,,,,,,,,,,,,,,,,,,,,,,,,,,,,,,
Seychelles,SYC,"Maternal mortality ratio (modeled estimate, per 100,000 live births)",SH.STA.MMRT,,,,,,,,,,,,,,,,,,,,,,,,,,,,,,,,,,,,,,,,,,,,,,,,,,,,,,,,,,
Syrian Arab Republic,SYR,"Maternal mortality ratio (modeled estimate, per 100,000 live births)",SH.STA.MMRT,,,,,,,,,,,,,,,,,,,,,,,,,,,,,,,123,114,106,99,94,89,85,82,80,77,73,70,67,64,61,58,55,53,51,49,49,52,56,60,64,68,,
Turks and Caicos Islands,TCA,"Maternal mortality ratio (modeled estimate, per 100,000 live births)",SH.STA.MMRT,,,,,,,,,,,,,,,,,,,,,,,,,,,,,,,,,,,,,,,,,,,,,,,,,,,,,,,,,,
Chad,TCD,"Maternal mortality ratio (modeled estimate, per 100,000 live births)",SH.STA.MMRT,,,,,,,,,,,,,,,,,,,,,,,,,,,,,,,1450,1440,1450,1440,1440,1430,1410,1410,1390,1390,1370,1360,1310,1260,1220,1170,1130,1100,1070,1070,1040,984,931,901,881,856,,
East Asia & Pacific (IDA & IBRD countries),TEA,"Maternal mortality ratio (modeled estimate, per 100,000 live births)",SH.STA.MMRT,,,,,,,,,,,,,,,,,,,,,,,,,,,,,,,169,161,155,149,143,138,133,130,127,123,120,117,113,108,104,100,95,90,86,82,79,74,71,68,65,63,,
Europe & Central Asia (IDA & IBRD countries),TEC,"Maternal mortality ratio (modeled estimate, per 100,000 live births)",SH.STA.MMRT,,,,,,,,,,,,,,,,,,,,,,,,,,,,,,,66,64,64,68,69,66,62,58,55,54,53,51,49,47,43,41,37,34,31,29,27,26,25,24,24,23,,
Togo,TGO,"Maternal mortality ratio (modeled estimate, per 100,000 live births)",SH.STA.MMRT,,,,,,,,,,,,,,,,,,,,,,,,,,,,,,,568,573,571,566,566,563,556,541,521,505,491,474,459,446,434,427,427,416,402,395,393,396,391,386,378,368,,
Thailand,THA,"Maternal mortality ratio (modeled estimate, per 100,000 live births)",SH.STA.MMRT,,,,,,,,,,,,,,,,,,,,,,,,,,,,,,,40,36,31,28,25,23,22,22,22,23,25,26,27,28,28,26,24,24,24,23,23,22,22,21,21,20,,
Tajikistan,TJK,"Maternal mortality ratio (modeled estimate, per 100,000 live births)",SH.STA.MMRT,,,,,,,,,,,,,,,,,,,,,,,,,,,,,,,107,108,113,151,140,129,116,103,89,74,68,69,58,48,46,46,39,38,37,37,35,35,34,34,33,32,,
Turkmenistan,TKM,"Maternal mortality ratio (modeled estimate, per 100,000 live births)",SH.STA.MMRT,,,,,,,,,,,,,,,,,,,,,,,,,,,,,,,82,90,89,90,88,74,75,66,61,61,59,57,56,56,55,53,52,51,49,47,46,46,45,44,43,42,,
Latin America & the Caribbean (IDA & IBRD countries),TLA,"Maternal mortality ratio (modeled estimate, per 100,000 live births)",SH.STA.MMRT,,,,,,,,,,,,,,,,,,,,,,,,,,,,,,,136,133,129,126,122,118,117,115,115,108,100,96,93,91,91,89,88,86,85,85,81,78,76,72,70,68,,
Timor-Leste,TLS,"Maternal mortality ratio (modeled estimate, per 100,000 live births)",SH.STA.MMRT,,,,,,,,,,,,,,,,,,,,,,,,,,,,,,,1080,1050,1030,1000,958,897,857,819,769,724,694,646,601,567,539,506,466,425,387,350,317,289,267,248,231,215,,
Middle East & North Africa (IDA & IBRD countries),TMN,"Maternal mortality ratio (modeled estimate, per 100,000 live births)",SH.STA.MMRT,,,,,,,,,,,,,,,,,,,,,,,,,,,,,,,182,175,169,164,158,153,147,142,136,131,126,122,119,116,114,111,109,107,104,102,99,97,96,94,93,91,,
Tonga,TON,"Maternal mortality ratio (modeled estimate, per 100,000 live births)",SH.STA.MMRT,,,,,,,,,,,,,,,,,,,,,,,,,,,,,,,75,79,83,89,93,100,106,106,102,100,97,94,102,106,110,114,118,122,125,127,130,133,135,131,127,124,,
South Asia (IDA & IBRD),TSA,"Maternal mortality ratio (modeled estimate, per 100,000 live births)",SH.STA.MMRT,,,,,,,,,,,,,,,,,,,,,,,,,,,,,,,558,541,525,508,492,476,460,442,424,406,388,369,350,331,314,296,281,265,252,239,228,218,208,198,189,182,,
Sub-Saharan Africa (IDA & IBRD countries),TSS,"Maternal mortality ratio (modeled estimate, per 100,000 live births)",SH.STA.MMRT,,,,,,,,,,,,,,,,,,,,,,,,,,,,,,,987,975,965,956,944,928,916,901,884,867,846,827,801,773,744,717,689,673,646,642,625,601,587,573,560,547,,
Trinidad and Tobago,TTO,"Maternal mortality ratio (modeled estimate, per 100,000 live births)",SH.STA.MMRT,,,,,,,,,,,,,,,,,,,,,,,,,,,,,,,90,89,87,84,80,77,73,68,63,64,62,61,60,62,63,62,62,64,63,64,65,65,63,64,63,63,,
Tunisia,TUN,"Maternal mortality ratio (modeled estimate, per 100,000 live births)",SH.STA.MMRT,,,,,,,,,,,,,,,,,,,,,,,,,,,,,,,131,125,120,118,114,112,99,101,91,87,84,83,81,78,76,74,72,71,69,68,67,66,64,64,63,62,,
Turkey,TUR,"Maternal mortality ratio (modeled estimate, per 100,000 live births)",SH.STA.MMRT,,,,,,,,,,,,,,,,,,,,,,,,,,,,,,,97,93,91,89,87,86,84,83,82,81,79,77,74,70,65,57,48,39,32,27,23,21,19,18,17,16,,
Tuvalu,TUV,"Maternal mortality ratio (modeled estimate, per 100,000 live births)",SH.STA.MMRT,,,,,,,,,,,,,,,,,,,,,,,,,,,,,,,,,,,,,,,,,,,,,,,,,,,,,,,,,,
Tanzania,TZA,"Maternal mortality ratio (modeled estimate, per 100,000 live births)",SH.STA.MMRT,,,,,,,,,,,,,,,,,,,,,,,,,,,,,,,997,996,998,995,979,961,944,924,900,870,842,813,777,747,717,687,652,608,566,542,514,483,464,438,418,398,,
Uganda,UGA,"Maternal mortality ratio (modeled estimate, per 100,000 live births)",SH.STA.MMRT,,,,,,,,,,,,,,,,,,,,,,,,,,,,,,,687,688,692,693,692,684,678,668,658,639,620,601,576,558,536,504,481,469,451,432,420,408,395,372,356,343,,
Ukraine,UKR,"Maternal mortality ratio (modeled estimate, per 100,000 live births)",SH.STA.MMRT,,,,,,,,,,,,,,,,,,,,,,,,,,,,,,,46,46,47,47,49,52,48,42,37,36,34,32,30,29,29,30,28,31,32,28,26,25,25,24,24,24,,
Upper middle income,UMC,"Maternal mortality ratio (modeled estimate, per 100,000 live births)",SH.STA.MMRT,,,,,,,,,,,,,,,,,,,,,,,,,,,,,,,102,98,94,90,86,83,80,77,76,73,69,67,65,63,61,59,57,55,53,52,50,48,46,44,42,41,,
Uruguay,URY,"Maternal mortality ratio (modeled estimate, per 100,000 live births)",SH.STA.MMRT,,,,,,,,,,,,,,,,,,,,,,,,,,,,,,,37,41,36,37,36,36,33,33,33,29,31,30,31,28,28,26,25,23,20,20,19,17,16,16,15,15,,
United States,USA,"Maternal mortality ratio (modeled estimate, per 100,000 live births)",SH.STA.MMRT,,,,,,,,,,,,,,,,,,,,,,,,,,,,,,,12,12,12,12,12,12,11,11,11,12,12,13,13,13,13,13,14,14,14,15,14,14,14,14,14,14,,
Uzbekistan,UZB,"Maternal mortality ratio (modeled estimate, per 100,000 live births)",SH.STA.MMRT,,,,,,,,,,,,,,,,,,,,,,,,,,,,,,,54,51,45,42,37,32,31,29,30,30,34,39,42,42,40,42,41,41,40,40,39,38,38,37,37,36,,
St. Vincent and the Grenadines,VCT,"Maternal mortality ratio (modeled estimate, per 100,000 live births)",SH.STA.MMRT,,,,,,,,,,,,,,,,,,,,,,,,,,,,,,,58,60,60,67,74,81,88,86,81,76,74,69,68,64,54,50,50,51,52,51,50,48,47,46,45,45,,
"Venezuela, RB",VEN,"Maternal mortality ratio (modeled estimate, per 100,000 live births)",SH.STA.MMRT,,,,,,,,,,,,,,,,,,,,,,,,,,,,,,,94,93,93,91,93,90,92,92,88,91,90,94,103,99,95,93,96,97,97,98,99,99,98,98,97,95,,
British Virgin Islands,VGB,"Maternal mortality ratio (modeled estimate, per 100,000 live births)",SH.STA.MMRT,,,,,,,,,,,,,,,,,,,,,,,,,,,,,,,,,,,,,,,,,,,,,,,,,,,,,,,,,,
Virgin Islands (U.S.),VIR,"Maternal mortality ratio (modeled estimate, per 100,000 live births)",SH.STA.MMRT,,,,,,,,,,,,,,,,,,,,,,,,,,,,,,,,,,,,,,,,,,,,,,,,,,,,,,,,,,
Vietnam,VNM,"Maternal mortality ratio (modeled estimate, per 100,000 live births)",SH.STA.MMRT,,,,,,,,,,,,,,,,,,,,,,,,,,,,,,,139,132,126,119,113,107,101,95,90,85,81,76,72,68,64,61,59,58,58,57,58,56,56,55,54,54,,
Vanuatu,VUT,"Maternal mortality ratio (modeled estimate, per 100,000 live births)",SH.STA.MMRT,,,,,,,,,,,,,,,,,,,,,,,,,,,,,,,225,217,206,199,192,184,175,167,157,151,144,137,132,127,121,116,110,106,101,98,94,91,87,84,81,78,,
World,WLD,"Maternal mortality ratio (modeled estimate, per 100,000 live births)",SH.STA.MMRT,,,,,,,,,,,,,,,,,,,,,,,,,,,,,,,385,381,378,375,372,369,366,361,356,349,341,332,322,310,299,288,277,268,258,254,246,237,232,226,221,216,,
Samoa,WSM,"Maternal mortality ratio (modeled estimate, per 100,000 live births)",SH.STA.MMRT,,,,,,,,,,,,,,,,,,,,,,,,,,,,,,,156,147,139,132,125,119,112,106,101,96,93,88,85,82,79,77,74,71,69,66,64,61,59,56,53,51,,
Kosovo,XKX,"Maternal mortality ratio (modeled estimate, per 100,000 live births)",SH.STA.MMRT,,,,,,,,,,,,,,,,,,,,,,,,,,,,,,,,,,,,,,,,,,,,,,,,,,,,,,,,,,
"Yemen, Rep.",YEM,"Maternal mortality ratio (modeled estimate, per 100,000 live births)",SH.STA.MMRT,,,,,,,,,,,,,,,,,,,,,,,,,,,,,,,547,535,523,517,507,498,488,476,462,451,440,435,431,429,429,428,428,424,417,417,416,413,410,406,398,385,,
South Africa,ZAF,"Maternal mortality ratio (modeled estimate, per 100,000 live births)",SH.STA.MMRT,,,,,,,,,,,,,,,,,,,,,,,,,,,,,,,108,98,88,77,69,62,60,61,66,76,85,89,95,102,107,112,119,126,138,148,154,154,152,145,140,138,,
Zambia,ZMB,"Maternal mortality ratio (modeled estimate, per 100,000 live births)",SH.STA.MMRT,,,,,,,,,,,,,,,,,,,,,,,,,,,,,,,577,584,589,592,597,596,598,598,596,569,541,518,493,472,414,372,338,311,289,274,262,251,243,237,231,224,,
Zimbabwe,ZWE,"Maternal mortality ratio (modeled estimate, per 100,000 live births)",SH.STA.MMRT,,,,,,,,,,,,,,,,,,,,,,,,,,,,,,,440,428,414,405,427,449,479,505,530,563,590,621,642,657,648,629,600,564,533,485,446,409,379,369,401,443,,